category,department,keywords,sample_queries
Online Banking,Digital Banking Support,"online banking, online login, mobile banking, net banking, internet banking",I need help with internet banking.
Online Banking,Digital Banking Support,"banking app, online banking, mobile banking, net banking, internet banking",I need help with online banking.
Online Banking,Digital Banking Support,"mobile banking, net banking, banking app, online login, internet banking",I need help with online login.
Online Banking,Digital Banking Support,"online banking, banking app, mobile banking, net banking, internet banking",I need help with mobile banking.
Online Banking,Digital Banking Support,"mobile banking, banking app, net banking, online login, online banking",I need help with mobile banking.
Online Banking,Digital Banking Support,"online banking, mobile banking, online login, net banking, banking app",I need help with internet banking.
Online Banking,Digital Banking Support,"net banking, online banking, internet banking, online login, mobile banking",I need help with online login.
Online Banking,Digital Banking Support,"internet banking, online banking, banking app, mobile banking, online login",I need help with banking app.
Online Banking,Digital Banking Support,"net banking, mobile banking, online banking, internet banking, online login",I need help with online login.
Online Banking,Digital Banking Support,"net banking, online banking, online login, banking app, internet banking",I need help with internet banking.
Online Banking,Digital Banking Support,"banking app, net banking, online banking, internet banking, online login",I need help with net banking.
Online Banking,Digital Banking Support,"online login, internet banking, mobile banking, online banking, banking app",I need help with online login.
Online Banking,Digital Banking Support,"mobile banking, net banking, online banking, banking app, internet banking",I need help with internet banking.
Online Banking,Digital Banking Support,"net banking, internet banking, online login, mobile banking, banking app",I need help with internet banking.
Online Banking,Digital Banking Support,"internet banking, online login, banking app, mobile banking, net banking",I need help with net banking.
Online Banking,Digital Banking Support,"net banking, mobile banking, online banking, internet banking, banking app",I need help with banking app.
Online Banking,Digital Banking Support,"online login, mobile banking, banking app, internet banking, online banking",I need help with mobile banking.
Online Banking,Digital Banking Support,"online banking, internet banking, online login, net banking, banking app",I need help with online login.
Online Banking,Digital Banking Support,"online login, mobile banking, online banking, internet banking, banking app",I need help with net banking.
Online Banking,Digital Banking Support,"banking app, internet banking, online banking, net banking, mobile banking",I need help with online banking.
Online Banking,Digital Banking Support,"online login, net banking, banking app, online banking, internet banking",I need help with mobile banking.
Online Banking,Digital Banking Support,"net banking, online login, banking app, internet banking, online banking",I need help with internet banking.
Online Banking,Digital Banking Support,"online login, banking app, internet banking, mobile banking, net banking",I need help with mobile banking.
Online Banking,Digital Banking Support,"banking app, net banking, online login, mobile banking, internet banking",I need help with internet banking.
Online Banking,Digital Banking Support,"online login, mobile banking, online banking, internet banking, banking app",I need help with net banking.
Online Banking,Digital Banking Support,"internet banking, mobile banking, online login, net banking, online banking",I need help with online login.
Online Banking,Digital Banking Support,"online login, banking app, online banking, net banking, mobile banking",I need help with banking app.
Online Banking,Digital Banking Support,"online login, online banking, net banking, mobile banking, banking app",I need help with mobile banking.
Online Banking,Digital Banking Support,"internet banking, online banking, banking app, mobile banking, net banking",I need help with online banking.
Online Banking,Digital Banking Support,"internet banking, mobile banking, banking app, online login, online banking",I need help with net banking.
Online Banking,Digital Banking Support,"banking app, internet banking, online banking, mobile banking, online login",I need help with net banking.
Online Banking,Digital Banking Support,"mobile banking, internet banking, online banking, online login, net banking",I need help with net banking.
Online Banking,Digital Banking Support,"internet banking, banking app, online banking, online login, net banking",I need help with internet banking.
Online Banking,Digital Banking Support,"internet banking, banking app, mobile banking, net banking, online login",I need help with banking app.
Online Banking,Digital Banking Support,"online login, banking app, mobile banking, online banking, net banking",I need help with mobile banking.
Online Banking,Digital Banking Support,"banking app, online banking, online login, internet banking, mobile banking",I need help with online banking.
Online Banking,Digital Banking Support,"net banking, online login, banking app, online banking, mobile banking",I need help with net banking.
Online Banking,Digital Banking Support,"mobile banking, banking app, online banking, online login, net banking",I need help with banking app.
Online Banking,Digital Banking Support,"online banking, net banking, online login, internet banking, mobile banking",I need help with online login.
Online Banking,Digital Banking Support,"online login, internet banking, net banking, mobile banking, banking app",I need help with net banking.
Online Banking,Digital Banking Support,"online login, online banking, banking app, mobile banking, net banking",I need help with online banking.
Online Banking,Digital Banking Support,"mobile banking, internet banking, online login, net banking, online banking",I need help with banking app.
Online Banking,Digital Banking Support,"banking app, online banking, online login, internet banking, net banking",I need help with banking app.
Online Banking,Digital Banking Support,"mobile banking, banking app, online login, internet banking, net banking",I need help with banking app.
Online Banking,Digital Banking Support,"online banking, online login, internet banking, mobile banking, banking app",I need help with online login.
Online Banking,Digital Banking Support,"online banking, banking app, net banking, mobile banking, internet banking",I need help with banking app.
Online Banking,Digital Banking Support,"banking app, online banking, online login, net banking, internet banking",I need help with online login.
Online Banking,Digital Banking Support,"mobile banking, online login, banking app, online banking, net banking",I need help with mobile banking.
Online Banking,Digital Banking Support,"banking app, online banking, online login, mobile banking, internet banking",I need help with online banking.
Online Banking,Digital Banking Support,"net banking, mobile banking, banking app, online banking, internet banking",I need help with internet banking.
Loans,Loan Department,"business loan, home loan, personal loan, apply for loan, car loan",I need help with personal loan.
Loans,Loan Department,"car loan, loan, personal loan, business loan, apply for loan",I need help with loan.
Loans,Loan Department,"car loan, apply for loan, business loan, personal loan, home loan",I need help with business loan.
Loans,Loan Department,"loan, apply for loan, business loan, car loan, personal loan",I need help with home loan.
Loans,Loan Department,"car loan, loan, business loan, personal loan, home loan",I need help with home loan.
Loans,Loan Department,"personal loan, apply for loan, home loan, business loan, loan",I need help with personal loan.
Loans,Loan Department,"personal loan, loan, car loan, business loan, apply for loan",I need help with car loan.
Loans,Loan Department,"personal loan, loan, apply for loan, car loan, home loan",I need help with personal loan.
Loans,Loan Department,"home loan, apply for loan, personal loan, loan, business loan",I need help with car loan.
Loans,Loan Department,"loan, business loan, personal loan, home loan, car loan",I need help with apply for loan.
Loans,Loan Department,"home loan, loan, car loan, apply for loan, business loan",I need help with loan.
Loans,Loan Department,"car loan, business loan, apply for loan, loan, home loan",I need help with home loan.
Loans,Loan Department,"loan, business loan, personal loan, apply for loan, car loan",I need help with loan.
Loans,Loan Department,"loan, car loan, apply for loan, personal loan, home loan",I need help with car loan.
Loans,Loan Department,"business loan, car loan, apply for loan, personal loan, loan",I need help with home loan.
Loans,Loan Department,"personal loan, business loan, car loan, loan, home loan",I need help with loan.
Loans,Loan Department,"apply for loan, business loan, home loan, car loan, personal loan",I need help with business loan.
Loans,Loan Department,"loan, home loan, personal loan, car loan, business loan",I need help with personal loan.
Loans,Loan Department,"loan, personal loan, home loan, car loan, apply for loan",I need help with car loan.
Loans,Loan Department,"apply for loan, business loan, home loan, personal loan, loan",I need help with home loan.
Loans,Loan Department,"personal loan, apply for loan, loan, business loan, home loan",I need help with home loan.
Loans,Loan Department,"apply for loan, home loan, business loan, personal loan, car loan",I need help with business loan.
Loans,Loan Department,"home loan, car loan, personal loan, loan, apply for loan",I need help with apply for loan.
Loans,Loan Department,"apply for loan, home loan, loan, business loan, car loan",I need help with car loan.
Loans,Loan Department,"apply for loan, loan, home loan, business loan, car loan",I need help with home loan.
Loans,Loan Department,"home loan, loan, personal loan, car loan, business loan",I need help with personal loan.
Loans,Loan Department,"business loan, personal loan, home loan, loan, car loan",I need help with apply for loan.
Loans,Loan Department,"apply for loan, home loan, loan, business loan, car loan",I need help with car loan.
Loans,Loan Department,"business loan, apply for loan, home loan, personal loan, loan",I need help with loan.
Loans,Loan Department,"apply for loan, home loan, loan, personal loan, business loan",I need help with business loan.
Loans,Loan Department,"home loan, apply for loan, loan, business loan, personal loan",I need help with business loan.
Loans,Loan Department,"personal loan, loan, apply for loan, car loan, home loan",I need help with loan.
Loans,Loan Department,"apply for loan, car loan, home loan, personal loan, loan",I need help with personal loan.
Loans,Loan Department,"car loan, personal loan, business loan, home loan, loan",I need help with personal loan.
Loans,Loan Department,"apply for loan, loan, car loan, business loan, personal loan",I need help with business loan.
Loans,Loan Department,"loan, home loan, apply for loan, personal loan, car loan",I need help with loan.
Loans,Loan Department,"apply for loan, business loan, home loan, car loan, personal loan",I need help with business loan.
Loans,Loan Department,"home loan, apply for loan, car loan, business loan, personal loan",I need help with personal loan.
Loans,Loan Department,"apply for loan, personal loan, home loan, car loan, business loan",I need help with personal loan.
Loans,Loan Department,"apply for loan, personal loan, loan, business loan, car loan",I need help with loan.
Loans,Loan Department,"loan, business loan, apply for loan, personal loan, car loan",I need help with business loan.
Loans,Loan Department,"loan, personal loan, home loan, apply for loan, car loan",I need help with personal loan.
Loans,Loan Department,"apply for loan, car loan, personal loan, home loan, business loan",I need help with car loan.
Loans,Loan Department,"home loan, personal loan, business loan, car loan, apply for loan",I need help with business loan.
Loans,Loan Department,"business loan, personal loan, car loan, loan, apply for loan",I need help with home loan.
Loans,Loan Department,"personal loan, home loan, loan, apply for loan, business loan",I need help with loan.
Loans,Loan Department,"personal loan, business loan, home loan, loan, apply for loan",I need help with home loan.
Loans,Loan Department,"loan, apply for loan, personal loan, business loan, home loan",I need help with home loan.
Loans,Loan Department,"home loan, loan, business loan, car loan, personal loan",I need help with home loan.
Loans,Loan Department,"home loan, apply for loan, car loan, loan, business loan",I need help with loan.
Credit Cards,Credit Card Services,"credit limit, credit card, apply credit card, card payment, card statement",I need help with apply credit card.
Credit Cards,Credit Card Services,"credit card, card statement, apply credit card, card payment, credit limit",I need help with apply credit card.
Credit Cards,Credit Card Services,"credit card, apply credit card, credit limit, card statement, card payment",I need help with credit card.
Credit Cards,Credit Card Services,"credit card, card statement, apply credit card, card payment, credit limit",I need help with credit limit.
Credit Cards,Credit Card Services,"apply credit card, card payment, credit card, card statement, credit limit",I need help with card payment.
Credit Cards,Credit Card Services,"card statement, apply credit card, card payment, credit limit, credit card",I need help with card statement.
Credit Cards,Credit Card Services,"card statement, credit limit, card payment, credit card, apply credit card",I need help with card statement.
Credit Cards,Credit Card Services,"card statement, credit card, card payment, apply credit card, credit limit",I need help with credit card.
Credit Cards,Credit Card Services,"card payment, apply credit card, card statement, credit card, credit limit",I need help with apply credit card.
Credit Cards,Credit Card Services,"credit limit, apply credit card, credit card, card payment, card statement",I need help with credit card.
Credit Cards,Credit Card Services,"card statement, apply credit card, card payment, credit limit, credit card",I need help with apply credit card.
Credit Cards,Credit Card Services,"credit limit, credit card, apply credit card, card payment, card statement",I need help with credit card.
Credit Cards,Credit Card Services,"card statement, credit limit, credit card, apply credit card, card payment",I need help with apply credit card.
Credit Cards,Credit Card Services,"card payment, credit card, apply credit card, card statement, credit limit",I need help with card statement.
Credit Cards,Credit Card Services,"credit limit, apply credit card, credit card, card payment, card statement",I need help with credit limit.
Credit Cards,Credit Card Services,"card statement, card payment, credit limit, apply credit card, credit card",I need help with card payment.
Credit Cards,Credit Card Services,"credit card, card payment, apply credit card, credit limit, card statement",I need help with card payment.
Credit Cards,Credit Card Services,"card payment, credit limit, credit card, apply credit card, card statement",I need help with credit limit.
Credit Cards,Credit Card Services,"card statement, apply credit card, credit limit, card payment, credit card",I need help with card payment.
Credit Cards,Credit Card Services,"card payment, credit limit, credit card, apply credit card, card statement",I need help with credit card.
Credit Cards,Credit Card Services,"apply credit card, credit limit, credit card, card payment, card statement",I need help with apply credit card.
Credit Cards,Credit Card Services,"credit limit, card statement, card payment, apply credit card, credit card",I need help with card payment.
Credit Cards,Credit Card Services,"credit card, card statement, credit limit, card payment, apply credit card",I need help with apply credit card.
Credit Cards,Credit Card Services,"credit limit, apply credit card, credit card, card statement, card payment",I need help with credit card.
Credit Cards,Credit Card Services,"credit card, apply credit card, card payment, card statement, credit limit",I need help with credit card.
Credit Cards,Credit Card Services,"credit card, card statement, card payment, credit limit, apply credit card",I need help with card payment.
Credit Cards,Credit Card Services,"card statement, card payment, credit card, credit limit, apply credit card",I need help with card statement.
Credit Cards,Credit Card Services,"card payment, apply credit card, credit card, credit limit, card statement",I need help with credit limit.
Credit Cards,Credit Card Services,"card statement, apply credit card, credit card, card payment, credit limit",I need help with apply credit card.
Credit Cards,Credit Card Services,"card payment, card statement, credit limit, apply credit card, credit card",I need help with card statement.
Credit Cards,Credit Card Services,"card payment, card statement, apply credit card, credit limit, credit card",I need help with credit card.
Credit Cards,Credit Card Services,"card statement, apply credit card, card payment, credit limit, credit card",I need help with apply credit card.
Credit Cards,Credit Card Services,"credit limit, credit card, apply credit card, card statement, card payment",I need help with card payment.
Credit Cards,Credit Card Services,"credit card, apply credit card, card statement, credit limit, card payment",I need help with card statement.
Credit Cards,Credit Card Services,"credit limit, credit card, card payment, apply credit card, card statement",I need help with credit limit.
Credit Cards,Credit Card Services,"apply credit card, credit card, card statement, credit limit, card payment",I need help with credit limit.
Credit Cards,Credit Card Services,"card payment, credit card, apply credit card, credit limit, card statement",I need help with credit card.
Credit Cards,Credit Card Services,"apply credit card, card statement, credit limit, card payment, credit card",I need help with credit card.
Credit Cards,Credit Card Services,"apply credit card, card payment, credit card, card statement, credit limit",I need help with apply credit card.
Credit Cards,Credit Card Services,"card statement, credit card, apply credit card, credit limit, card payment",I need help with credit limit.
Credit Cards,Credit Card Services,"credit limit, credit card, card payment, card statement, apply credit card",I need help with card payment.
Credit Cards,Credit Card Services,"apply credit card, credit limit, card payment, card statement, credit card",I need help with credit limit.
Credit Cards,Credit Card Services,"card payment, apply credit card, credit limit, card statement, credit card",I need help with card statement.
Credit Cards,Credit Card Services,"credit card, card statement, credit limit, card payment, apply credit card",I need help with card payment.
Credit Cards,Credit Card Services,"credit limit, credit card, card payment, card statement, apply credit card",I need help with card statement.
Credit Cards,Credit Card Services,"card statement, credit card, credit limit, apply credit card, card payment",I need help with card payment.
Credit Cards,Credit Card Services,"apply credit card, card payment, credit card, card statement, credit limit",I need help with apply credit card.
Credit Cards,Credit Card Services,"credit limit, card statement, apply credit card, card payment, credit card",I need help with credit card.
Credit Cards,Credit Card Services,"card statement, apply credit card, credit limit, credit card, card payment",I need help with credit limit.
Credit Cards,Credit Card Services,"credit limit, credit card, card statement, card payment, apply credit card",I need help with credit limit.
Customer Support,General Support,"register complaint, customer service, bank support, bank helpline, contact bank",I need help with contact bank.
Customer Support,General Support,"contact bank, bank support, bank helpline, customer service, register complaint",I need help with bank support.
Customer Support,General Support,"customer service, bank support, bank helpline, register complaint, contact bank",I need help with register complaint.
Customer Support,General Support,"bank helpline, contact bank, customer service, bank support, register complaint",I need help with customer service.
Customer Support,General Support,"customer service, contact bank, register complaint, bank support, bank helpline",I need help with customer service.
Customer Support,General Support,"bank support, contact bank, register complaint, bank helpline, customer service",I need help with register complaint.
Customer Support,General Support,"bank helpline, contact bank, bank support, register complaint, customer service",I need help with register complaint.
Customer Support,General Support,"contact bank, bank support, customer service, bank helpline, register complaint",I need help with register complaint.
Customer Support,General Support,"bank helpline, bank support, customer service, register complaint, contact bank",I need help with customer service.
Customer Support,General Support,"customer service, register complaint, contact bank, bank helpline, bank support",I need help with register complaint.
Customer Support,General Support,"customer service, bank support, contact bank, bank helpline, register complaint",I need help with bank helpline.
Customer Support,General Support,"bank helpline, customer service, bank support, contact bank, register complaint",I need help with contact bank.
Customer Support,General Support,"customer service, bank support, contact bank, register complaint, bank helpline",I need help with register complaint.
Customer Support,General Support,"bank support, customer service, register complaint, bank helpline, contact bank",I need help with customer service.
Customer Support,General Support,"bank support, customer service, contact bank, register complaint, bank helpline",I need help with register complaint.
Customer Support,General Support,"bank support, contact bank, bank helpline, register complaint, customer service",I need help with register complaint.
Customer Support,General Support,"register complaint, bank helpline, bank support, customer service, contact bank",I need help with customer service.
Customer Support,General Support,"contact bank, bank helpline, customer service, bank support, register complaint",I need help with bank helpline.
Customer Support,General Support,"bank support, contact bank, customer service, register complaint, bank helpline",I need help with bank helpline.
Customer Support,General Support,"register complaint, contact bank, customer service, bank helpline, bank support",I need help with bank support.
Customer Support,General Support,"register complaint, bank support, bank helpline, contact bank, customer service",I need help with register complaint.
Customer Support,General Support,"bank support, register complaint, bank helpline, customer service, contact bank",I need help with customer service.
Customer Support,General Support,"bank support, contact bank, customer service, bank helpline, register complaint",I need help with customer service.
Customer Support,General Support,"contact bank, customer service, bank helpline, register complaint, bank support",I need help with customer service.
Customer Support,General Support,"register complaint, bank helpline, bank support, contact bank, customer service",I need help with contact bank.
Customer Support,General Support,"customer service, bank helpline, contact bank, register complaint, bank support",I need help with customer service.
Customer Support,General Support,"register complaint, contact bank, customer service, bank support, bank helpline",I need help with register complaint.
Customer Support,General Support,"contact bank, customer service, register complaint, bank support, bank helpline",I need help with bank helpline.
Customer Support,General Support,"contact bank, customer service, register complaint, bank helpline, bank support",I need help with bank support.
Customer Support,General Support,"contact bank, bank support, bank helpline, customer service, register complaint",I need help with register complaint.
Customer Support,General Support,"bank support, register complaint, contact bank, customer service, bank helpline",I need help with register complaint.
Customer Support,General Support,"customer service, bank support, register complaint, contact bank, bank helpline",I need help with bank support.
Customer Support,General Support,"bank support, bank helpline, register complaint, contact bank, customer service",I need help with contact bank.
Customer Support,General Support,"register complaint, bank support, customer service, contact bank, bank helpline",I need help with register complaint.
Customer Support,General Support,"customer service, bank helpline, register complaint, bank support, contact bank",I need help with register complaint.
Customer Support,General Support,"contact bank, customer service, register complaint, bank support, bank helpline",I need help with contact bank.
Customer Support,General Support,"contact bank, bank support, customer service, register complaint, bank helpline",I need help with customer service.
Customer Support,General Support,"register complaint, contact bank, customer service, bank support, bank helpline",I need help with bank helpline.
Customer Support,General Support,"register complaint, contact bank, bank support, customer service, bank helpline",I need help with register complaint.
Customer Support,General Support,"register complaint, contact bank, customer service, bank helpline, bank support",I need help with bank helpline.
Customer Support,General Support,"contact bank, register complaint, customer service, bank support, bank helpline",I need help with bank helpline.
Customer Support,General Support,"customer service, register complaint, bank support, bank helpline, contact bank",I need help with register complaint.
Customer Support,General Support,"contact bank, customer service, register complaint, bank helpline, bank support",I need help with bank support.
Customer Support,General Support,"customer service, register complaint, contact bank, bank support, bank helpline",I need help with bank helpline.
Customer Support,General Support,"customer service, register complaint, bank support, bank helpline, contact bank",I need help with contact bank.
Customer Support,General Support,"customer service, bank support, contact bank, bank helpline, register complaint",I need help with bank helpline.
Customer Support,General Support,"bank helpline, contact bank, register complaint, bank support, customer service",I need help with register complaint.
Customer Support,General Support,"bank helpline, customer service, register complaint, contact bank, bank support",I need help with register complaint.
Customer Support,General Support,"contact bank, customer service, bank helpline, bank support, register complaint",I need help with bank support.
Customer Support,General Support,"customer service, bank helpline, contact bank, register complaint, bank support",I need help with bank helpline.
Fraud & Security,Security & Fraud Prevention,"card blocked, security alert, fraud, unauthorized transaction, phishing",I need help with phishing.
Fraud & Security,Security & Fraud Prevention,"unauthorized transaction, fraud, security alert, phishing, card blocked",I need help with security alert.
Fraud & Security,Security & Fraud Prevention,"unauthorized transaction, fraud, security alert, card blocked, phishing",I need help with phishing.
Fraud & Security,Security & Fraud Prevention,"fraud, unauthorized transaction, phishing, security alert, card blocked",I need help with unauthorized transaction.
Fraud & Security,Security & Fraud Prevention,"unauthorized transaction, security alert, fraud, phishing, card blocked",I need help with fraud.
Fraud & Security,Security & Fraud Prevention,"unauthorized transaction, fraud, phishing, card blocked, security alert",I need help with card blocked.
Fraud & Security,Security & Fraud Prevention,"card blocked, unauthorized transaction, security alert, fraud, phishing",I need help with security alert.
Fraud & Security,Security & Fraud Prevention,"unauthorized transaction, security alert, phishing, card blocked, fraud",I need help with phishing.
Fraud & Security,Security & Fraud Prevention,"fraud, security alert, card blocked, unauthorized transaction, phishing",I need help with security alert.
Fraud & Security,Security & Fraud Prevention,"unauthorized transaction, fraud, card blocked, phishing, security alert",I need help with phishing.
Fraud & Security,Security & Fraud Prevention,"unauthorized transaction, security alert, card blocked, fraud, phishing",I need help with card blocked.
Fraud & Security,Security & Fraud Prevention,"phishing, card blocked, unauthorized transaction, security alert, fraud",I need help with security alert.
Fraud & Security,Security & Fraud Prevention,"phishing, unauthorized transaction, security alert, fraud, card blocked",I need help with phishing.
Fraud & Security,Security & Fraud Prevention,"card blocked, phishing, unauthorized transaction, fraud, security alert",I need help with fraud.
Fraud & Security,Security & Fraud Prevention,"phishing, card blocked, security alert, unauthorized transaction, fraud",I need help with security alert.
Fraud & Security,Security & Fraud Prevention,"security alert, unauthorized transaction, phishing, card blocked, fraud",I need help with fraud.
Fraud & Security,Security & Fraud Prevention,"unauthorized transaction, phishing, card blocked, security alert, fraud",I need help with unauthorized transaction.
Fraud & Security,Security & Fraud Prevention,"unauthorized transaction, fraud, security alert, phishing, card blocked",I need help with security alert.
Fraud & Security,Security & Fraud Prevention,"phishing, card blocked, unauthorized transaction, fraud, security alert",I need help with unauthorized transaction.
Fraud & Security,Security & Fraud Prevention,"fraud, security alert, unauthorized transaction, phishing, card blocked",I need help with fraud.
Fraud & Security,Security & Fraud Prevention,"unauthorized transaction, security alert, card blocked, phishing, fraud",I need help with fraud.
Fraud & Security,Security & Fraud Prevention,"fraud, card blocked, phishing, security alert, unauthorized transaction",I need help with card blocked.
Fraud & Security,Security & Fraud Prevention,"card blocked, unauthorized transaction, fraud, security alert, phishing",I need help with fraud.
Fraud & Security,Security & Fraud Prevention,"fraud, security alert, phishing, card blocked, unauthorized transaction",I need help with security alert.
Fraud & Security,Security & Fraud Prevention,"phishing, unauthorized transaction, fraud, security alert, card blocked",I need help with fraud.
Fraud & Security,Security & Fraud Prevention,"card blocked, unauthorized transaction, fraud, security alert, phishing",I need help with fraud.
Fraud & Security,Security & Fraud Prevention,"fraud, security alert, phishing, card blocked, unauthorized transaction",I need help with fraud.
Fraud & Security,Security & Fraud Prevention,"unauthorized transaction, phishing, card blocked, fraud, security alert",I need help with phishing.
Fraud & Security,Security & Fraud Prevention,"phishing, security alert, fraud, card blocked, unauthorized transaction",I need help with card blocked.
Fraud & Security,Security & Fraud Prevention,"phishing, fraud, security alert, card blocked, unauthorized transaction",I need help with phishing.
Fraud & Security,Security & Fraud Prevention,"security alert, fraud, card blocked, phishing, unauthorized transaction",I need help with card blocked.
Fraud & Security,Security & Fraud Prevention,"fraud, phishing, unauthorized transaction, security alert, card blocked",I need help with phishing.
Fraud & Security,Security & Fraud Prevention,"phishing, security alert, unauthorized transaction, card blocked, fraud",I need help with unauthorized transaction.
Fraud & Security,Security & Fraud Prevention,"phishing, card blocked, fraud, unauthorized transaction, security alert",I need help with unauthorized transaction.
Fraud & Security,Security & Fraud Prevention,"phishing, card blocked, fraud, unauthorized transaction, security alert",I need help with security alert.
Fraud & Security,Security & Fraud Prevention,"unauthorized transaction, fraud, phishing, card blocked, security alert",I need help with security alert.
Fraud & Security,Security & Fraud Prevention,"unauthorized transaction, card blocked, fraud, phishing, security alert",I need help with security alert.
Fraud & Security,Security & Fraud Prevention,"fraud, phishing, card blocked, unauthorized transaction, security alert",I need help with security alert.
Fraud & Security,Security & Fraud Prevention,"unauthorized transaction, security alert, fraud, card blocked, phishing",I need help with security alert.
Fraud & Security,Security & Fraud Prevention,"phishing, card blocked, fraud, unauthorized transaction, security alert",I need help with fraud.
Fraud & Security,Security & Fraud Prevention,"security alert, fraud, phishing, card blocked, unauthorized transaction",I need help with fraud.
Fraud & Security,Security & Fraud Prevention,"card blocked, unauthorized transaction, phishing, security alert, fraud",I need help with unauthorized transaction.
Fraud & Security,Security & Fraud Prevention,"unauthorized transaction, security alert, card blocked, phishing, fraud",I need help with fraud.
Fraud & Security,Security & Fraud Prevention,"unauthorized transaction, phishing, fraud, card blocked, security alert",I need help with card blocked.
Fraud & Security,Security & Fraud Prevention,"security alert, unauthorized transaction, fraud, card blocked, phishing",I need help with fraud.
Fraud & Security,Security & Fraud Prevention,"security alert, phishing, unauthorized transaction, fraud, card blocked",I need help with security alert.
Fraud & Security,Security & Fraud Prevention,"security alert, phishing, unauthorized transaction, card blocked, fraud",I need help with phishing.
Fraud & Security,Security & Fraud Prevention,"security alert, phishing, card blocked, unauthorized transaction, fraud",I need help with security alert.
Fraud & Security,Security & Fraud Prevention,"phishing, security alert, unauthorized transaction, fraud, card blocked",I need help with phishing.
Fraud & Security,Security & Fraud Prevention,"fraud, card blocked, security alert, phishing, unauthorized transaction",I need help with security alert.
Account Issues,Account Management,"update details, close account, account blocked, forgot password, password reset",I need help with update details.
Account Issues,Account Management,"password reset, forgot password, close account, update details, account blocked",I need help with password reset.
Account Issues,Account Management,"password reset, close account, account blocked, update details, forgot password",I need help with close account.
Account Issues,Account Management,"close account, password reset, update details, account blocked, forgot password",I need help with account blocked.
Account Issues,Account Management,"update details, forgot password, password reset, account blocked, close account",I need help with password reset.
Account Issues,Account Management,"account blocked, password reset, update details, forgot password, close account",I need help with update details.
Account Issues,Account Management,"forgot password, account blocked, update details, close account, password reset",I need help with forgot password.
Account Issues,Account Management,"close account, forgot password, update details, account blocked, password reset",I need help with close account.
Account Issues,Account Management,"forgot password, update details, account blocked, close account, password reset",I need help with close account.
Account Issues,Account Management,"account blocked, forgot password, update details, password reset, close account",I need help with forgot password.
Account Issues,Account Management,"close account, account blocked, password reset, update details, forgot password",I need help with password reset.
Account Issues,Account Management,"password reset, forgot password, account blocked, update details, close account",I need help with update details.
Account Issues,Account Management,"close account, password reset, account blocked, forgot password, update details",I need help with forgot password.
Account Issues,Account Management,"forgot password, password reset, close account, account blocked, update details",I need help with close account.
Account Issues,Account Management,"account blocked, update details, forgot password, password reset, close account",I need help with password reset.
Account Issues,Account Management,"update details, forgot password, close account, password reset, account blocked",I need help with password reset.
Account Issues,Account Management,"account blocked, password reset, forgot password, close account, update details",I need help with update details.
Account Issues,Account Management,"password reset, close account, update details, forgot password, account blocked",I need help with account blocked.
Account Issues,Account Management,"close account, password reset, update details, account blocked, forgot password",I need help with password reset.
Account Issues,Account Management,"password reset, update details, account blocked, close account, forgot password",I need help with close account.
Account Issues,Account Management,"update details, account blocked, forgot password, password reset, close account",I need help with forgot password.
Account Issues,Account Management,"forgot password, close account, account blocked, password reset, update details",I need help with close account.
Account Issues,Account Management,"forgot password, close account, account blocked, update details, password reset",I need help with update details.
Account Issues,Account Management,"close account, update details, password reset, forgot password, account blocked",I need help with forgot password.
Account Issues,Account Management,"update details, account blocked, forgot password, close account, password reset",I need help with password reset.
Account Issues,Account Management,"password reset, update details, forgot password, account blocked, close account",I need help with account blocked.
Account Issues,Account Management,"password reset, update details, forgot password, account blocked, close account",I need help with close account.
Account Issues,Account Management,"account blocked, close account, password reset, forgot password, update details",I need help with update details.
Account Issues,Account Management,"close account, account blocked, update details, password reset, forgot password",I need help with close account.
Account Issues,Account Management,"update details, password reset, forgot password, close account, account blocked",I need help with password reset.
Account Issues,Account Management,"forgot password, password reset, close account, account blocked, update details",I need help with account blocked.
Account Issues,Account Management,"close account, account blocked, update details, forgot password, password reset",I need help with close account.
Account Issues,Account Management,"update details, forgot password, account blocked, password reset, close account",I need help with account blocked.
Account Issues,Account Management,"password reset, forgot password, close account, update details, account blocked",I need help with close account.
Account Issues,Account Management,"password reset, account blocked, close account, forgot password, update details",I need help with close account.
Account Issues,Account Management,"update details, close account, forgot password, account blocked, password reset",I need help with password reset.
Account Issues,Account Management,"password reset, account blocked, forgot password, close account, update details",I need help with close account.
Account Issues,Account Management,"forgot password, update details, password reset, close account, account blocked",I need help with update details.
Account Issues,Account Management,"close account, password reset, account blocked, forgot password, update details",I need help with update details.
Account Issues,Account Management,"forgot password, close account, update details, password reset, account blocked",I need help with account blocked.
Account Issues,Account Management,"update details, forgot password, account blocked, close account, password reset",I need help with account blocked.
Account Issues,Account Management,"password reset, update details, close account, forgot password, account blocked",I need help with forgot password.
Account Issues,Account Management,"close account, forgot password, account blocked, update details, password reset",I need help with forgot password.
Account Issues,Account Management,"forgot password, close account, password reset, account blocked, update details",I need help with close account.
Account Issues,Account Management,"close account, account blocked, update details, forgot password, password reset",I need help with update details.
Account Issues,Account Management,"forgot password, close account, password reset, account blocked, update details",I need help with forgot password.
Account Issues,Account Management,"update details, password reset, account blocked, forgot password, close account",I need help with forgot password.
Account Issues,Account Management,"forgot password, close account, password reset, update details, account blocked",I need help with password reset.
Account Issues,Account Management,"account blocked, close account, update details, forgot password, password reset",I need help with forgot password.
Account Issues,Account Management,"update details, account blocked, password reset, forgot password, close account",I need help with account blocked.
Payments & Transfers,Transactions & Payments,"UPI payment, RTGS, IMPS, NEFT, transfer money",I need help with NEFT.
Payments & Transfers,Transactions & Payments,"failed transaction, IMPS, UPI payment, transfer money, RTGS",I need help with transfer money.
Payments & Transfers,Transactions & Payments,"transfer money, UPI payment, RTGS, IMPS, failed transaction",I need help with NEFT.
Payments & Transfers,Transactions & Payments,"transfer money, IMPS, NEFT, failed transaction, RTGS",I need help with RTGS.
Payments & Transfers,Transactions & Payments,"RTGS, transfer money, NEFT, UPI payment, IMPS",I need help with UPI payment.
Payments & Transfers,Transactions & Payments,"UPI payment, NEFT, IMPS, failed transaction, transfer money",I need help with transfer money.
Payments & Transfers,Transactions & Payments,"NEFT, RTGS, UPI payment, IMPS, failed transaction",I need help with RTGS.
Payments & Transfers,Transactions & Payments,"IMPS, transfer money, failed transaction, UPI payment, RTGS",I need help with transfer money.
Payments & Transfers,Transactions & Payments,"IMPS, UPI payment, RTGS, NEFT, failed transaction",I need help with transfer money.
Payments & Transfers,Transactions & Payments,"UPI payment, IMPS, transfer money, NEFT, RTGS",I need help with NEFT.
Payments & Transfers,Transactions & Payments,"failed transaction, transfer money, RTGS, IMPS, UPI payment",I need help with transfer money.
Payments & Transfers,Transactions & Payments,"transfer money, NEFT, IMPS, RTGS, UPI payment",I need help with failed transaction.
Payments & Transfers,Transactions & Payments,"RTGS, IMPS, failed transaction, transfer money, NEFT",I need help with failed transaction.
Payments & Transfers,Transactions & Payments,"failed transaction, NEFT, UPI payment, RTGS, IMPS",I need help with IMPS.
Payments & Transfers,Transactions & Payments,"UPI payment, NEFT, RTGS, failed transaction, transfer money",I need help with UPI payment.
Payments & Transfers,Transactions & Payments,"transfer money, failed transaction, UPI payment, RTGS, IMPS",I need help with RTGS.
Payments & Transfers,Transactions & Payments,"IMPS, RTGS, NEFT, UPI payment, transfer money",I need help with IMPS.
Payments & Transfers,Transactions & Payments,"NEFT, failed transaction, UPI payment, IMPS, RTGS",I need help with NEFT.
Payments & Transfers,Transactions & Payments,"IMPS, failed transaction, UPI payment, RTGS, NEFT",I need help with UPI payment.
Payments & Transfers,Transactions & Payments,"transfer money, UPI payment, RTGS, IMPS, failed transaction",I need help with IMPS.
Payments & Transfers,Transactions & Payments,"IMPS, failed transaction, RTGS, UPI payment, transfer money",I need help with IMPS.
Payments & Transfers,Transactions & Payments,"transfer money, IMPS, UPI payment, NEFT, RTGS",I need help with NEFT.
Payments & Transfers,Transactions & Payments,"UPI payment, NEFT, RTGS, failed transaction, transfer money",I need help with transfer money.
Payments & Transfers,Transactions & Payments,"IMPS, transfer money, RTGS, UPI payment, NEFT",I need help with NEFT.
Payments & Transfers,Transactions & Payments,"IMPS, RTGS, UPI payment, failed transaction, NEFT",I need help with IMPS.
Payments & Transfers,Transactions & Payments,"failed transaction, IMPS, NEFT, RTGS, transfer money",I need help with NEFT.
Payments & Transfers,Transactions & Payments,"transfer money, NEFT, RTGS, failed transaction, IMPS",I need help with NEFT.
Payments & Transfers,Transactions & Payments,"NEFT, UPI payment, IMPS, transfer money, RTGS",I need help with RTGS.
Payments & Transfers,Transactions & Payments,"IMPS, failed transaction, UPI payment, NEFT, RTGS",I need help with RTGS.
Payments & Transfers,Transactions & Payments,"IMPS, NEFT, transfer money, RTGS, failed transaction",I need help with RTGS.
Payments & Transfers,Transactions & Payments,"RTGS, IMPS, NEFT, failed transaction, UPI payment",I need help with transfer money.
Payments & Transfers,Transactions & Payments,"transfer money, NEFT, UPI payment, RTGS, failed transaction",I need help with IMPS.
Payments & Transfers,Transactions & Payments,"failed transaction, NEFT, transfer money, IMPS, UPI payment",I need help with transfer money.
Payments & Transfers,Transactions & Payments,"IMPS, NEFT, transfer money, RTGS, UPI payment",I need help with RTGS.
Payments & Transfers,Transactions & Payments,"NEFT, transfer money, RTGS, UPI payment, IMPS",I need help with NEFT.
Payments & Transfers,Transactions & Payments,"transfer money, RTGS, NEFT, failed transaction, UPI payment",I need help with IMPS.
Payments & Transfers,Transactions & Payments,"NEFT, failed transaction, IMPS, transfer money, UPI payment",I need help with NEFT.
Payments & Transfers,Transactions & Payments,"NEFT, RTGS, UPI payment, failed transaction, transfer money",I need help with RTGS.
Payments & Transfers,Transactions & Payments,"NEFT, UPI payment, transfer money, IMPS, failed transaction",I need help with failed transaction.
Payments & Transfers,Transactions & Payments,"failed transaction, IMPS, UPI payment, RTGS, transfer money",I need help with failed transaction.
Payments & Transfers,Transactions & Payments,"failed transaction, UPI payment, IMPS, NEFT, transfer money",I need help with IMPS.
Payments & Transfers,Transactions & Payments,"IMPS, NEFT, UPI payment, transfer money, RTGS",I need help with transfer money.
Payments & Transfers,Transactions & Payments,"failed transaction, RTGS, UPI payment, transfer money, IMPS",I need help with IMPS.
Payments & Transfers,Transactions & Payments,"IMPS, RTGS, transfer money, failed transaction, NEFT",I need help with failed transaction.
Payments & Transfers,Transactions & Payments,"IMPS, UPI payment, transfer money, RTGS, NEFT",I need help with NEFT.
Payments & Transfers,Transactions & Payments,"transfer money, IMPS, NEFT, UPI payment, failed transaction",I need help with IMPS.
Payments & Transfers,Transactions & Payments,"UPI payment, IMPS, transfer money, NEFT, RTGS",I need help with IMPS.
Payments & Transfers,Transactions & Payments,"failed transaction, IMPS, UPI payment, transfer money, RTGS",I need help with IMPS.
Payments & Transfers,Transactions & Payments,"IMPS, NEFT, transfer money, UPI payment, RTGS",I need help with NEFT.
Payments & Transfers,Transactions & Payments,"UPI payment, failed transaction, transfer money, NEFT, IMPS",I need help with RTGS.
ATM & Branches,ATM & Branch Services,"nearest ATM, ATM withdrawal, branch location, ATM not working, deposit cash",I need help with deposit cash.
ATM & Branches,ATM & Branch Services,"ATM withdrawal, branch location, deposit cash, ATM not working, nearest ATM",I need help with nearest ATM.
ATM & Branches,ATM & Branch Services,"branch location, ATM not working, nearest ATM, deposit cash, ATM withdrawal",I need help with ATM withdrawal.
ATM & Branches,ATM & Branch Services,"nearest ATM, branch location, deposit cash, ATM not working, ATM withdrawal",I need help with ATM not working.
ATM & Branches,ATM & Branch Services,"branch location, nearest ATM, deposit cash, ATM withdrawal, ATM not working",I need help with nearest ATM.
ATM & Branches,ATM & Branch Services,"deposit cash, ATM not working, branch location, nearest ATM, ATM withdrawal",I need help with ATM withdrawal.
ATM & Branches,ATM & Branch Services,"ATM not working, branch location, ATM withdrawal, deposit cash, nearest ATM",I need help with ATM withdrawal.
ATM & Branches,ATM & Branch Services,"ATM withdrawal, branch location, nearest ATM, deposit cash, ATM not working",I need help with ATM withdrawal.
ATM & Branches,ATM & Branch Services,"ATM withdrawal, ATM not working, deposit cash, nearest ATM, branch location",I need help with nearest ATM.
ATM & Branches,ATM & Branch Services,"ATM withdrawal, ATM not working, nearest ATM, deposit cash, branch location",I need help with ATM not working.
ATM & Branches,ATM & Branch Services,"ATM withdrawal, ATM not working, branch location, nearest ATM, deposit cash",I need help with ATM not working.
ATM & Branches,ATM & Branch Services,"nearest ATM, ATM withdrawal, ATM not working, branch location, deposit cash",I need help with branch location.
ATM & Branches,ATM & Branch Services,"nearest ATM, ATM withdrawal, deposit cash, ATM not working, branch location",I need help with deposit cash.
ATM & Branches,ATM & Branch Services,"branch location, ATM withdrawal, ATM not working, nearest ATM, deposit cash",I need help with ATM not working.
ATM & Branches,ATM & Branch Services,"nearest ATM, ATM withdrawal, ATM not working, branch location, deposit cash",I need help with ATM withdrawal.
ATM & Branches,ATM & Branch Services,"branch location, ATM not working, deposit cash, ATM withdrawal, nearest ATM",I need help with deposit cash.
ATM & Branches,ATM & Branch Services,"branch location, deposit cash, nearest ATM, ATM not working, ATM withdrawal",I need help with ATM not working.
ATM & Branches,ATM & Branch Services,"ATM withdrawal, branch location, ATM not working, nearest ATM, deposit cash",I need help with ATM withdrawal.
ATM & Branches,ATM & Branch Services,"ATM withdrawal, branch location, nearest ATM, ATM not working, deposit cash",I need help with nearest ATM.
ATM & Branches,ATM & Branch Services,"deposit cash, branch location, nearest ATM, ATM withdrawal, ATM not working",I need help with ATM withdrawal.
ATM & Branches,ATM & Branch Services,"ATM withdrawal, ATM not working, deposit cash, nearest ATM, branch location",I need help with ATM withdrawal.
ATM & Branches,ATM & Branch Services,"ATM not working, nearest ATM, ATM withdrawal, branch location, deposit cash",I need help with nearest ATM.
ATM & Branches,ATM & Branch Services,"deposit cash, ATM withdrawal, ATM not working, branch location, nearest ATM",I need help with ATM withdrawal.
ATM & Branches,ATM & Branch Services,"nearest ATM, branch location, deposit cash, ATM not working, ATM withdrawal",I need help with deposit cash.
ATM & Branches,ATM & Branch Services,"ATM not working, nearest ATM, ATM withdrawal, branch location, deposit cash",I need help with deposit cash.
ATM & Branches,ATM & Branch Services,"deposit cash, ATM not working, ATM withdrawal, nearest ATM, branch location",I need help with nearest ATM.
ATM & Branches,ATM & Branch Services,"branch location, ATM withdrawal, ATM not working, deposit cash, nearest ATM",I need help with branch location.
ATM & Branches,ATM & Branch Services,"branch location, ATM not working, deposit cash, ATM withdrawal, nearest ATM",I need help with ATM not working.
ATM & Branches,ATM & Branch Services,"deposit cash, ATM withdrawal, nearest ATM, ATM not working, branch location",I need help with ATM withdrawal.
ATM & Branches,ATM & Branch Services,"ATM withdrawal, branch location, ATM not working, nearest ATM, deposit cash",I need help with ATM withdrawal.
ATM & Branches,ATM & Branch Services,"ATM withdrawal, nearest ATM, deposit cash, branch location, ATM not working",I need help with deposit cash.
ATM & Branches,ATM & Branch Services,"nearest ATM, ATM not working, deposit cash, ATM withdrawal, branch location",I need help with ATM withdrawal.
ATM & Branches,ATM & Branch Services,"deposit cash, nearest ATM, ATM not working, ATM withdrawal, branch location",I need help with deposit cash.
ATM & Branches,ATM & Branch Services,"deposit cash, branch location, nearest ATM, ATM not working, ATM withdrawal",I need help with deposit cash.
ATM & Branches,ATM & Branch Services,"branch location, nearest ATM, ATM not working, ATM withdrawal, deposit cash",I need help with ATM not working.
ATM & Branches,ATM & Branch Services,"deposit cash, branch location, ATM not working, ATM withdrawal, nearest ATM",I need help with ATM not working.
ATM & Branches,ATM & Branch Services,"nearest ATM, branch location, ATM withdrawal, ATM not working, deposit cash",I need help with branch location.
ATM & Branches,ATM & Branch Services,"nearest ATM, deposit cash, branch location, ATM withdrawal, ATM not working",I need help with deposit cash.
ATM & Branches,ATM & Branch Services,"branch location, nearest ATM, ATM not working, ATM withdrawal, deposit cash",I need help with branch location.
ATM & Branches,ATM & Branch Services,"ATM not working, deposit cash, branch location, nearest ATM, ATM withdrawal",I need help with ATM withdrawal.
ATM & Branches,ATM & Branch Services,"branch location, ATM not working, deposit cash, ATM withdrawal, nearest ATM",I need help with ATM withdrawal.
ATM & Branches,ATM & Branch Services,"deposit cash, ATM not working, branch location, ATM withdrawal, nearest ATM",I need help with branch location.
ATM & Branches,ATM & Branch Services,"branch location, ATM not working, nearest ATM, deposit cash, ATM withdrawal",I need help with nearest ATM.
ATM & Branches,ATM & Branch Services,"nearest ATM, ATM withdrawal, branch location, ATM not working, deposit cash",I need help with ATM not working.
ATM & Branches,ATM & Branch Services,"nearest ATM, ATM withdrawal, deposit cash, branch location, ATM not working",I need help with ATM not working.
ATM & Branches,ATM & Branch Services,"deposit cash, ATM not working, nearest ATM, branch location, ATM withdrawal",I need help with branch location.
ATM & Branches,ATM & Branch Services,"branch location, nearest ATM, ATM withdrawal, ATM not working, deposit cash",I need help with ATM withdrawal.
ATM & Branches,ATM & Branch Services,"ATM withdrawal, branch location, deposit cash, ATM not working, nearest ATM",I need help with deposit cash.
ATM & Branches,ATM & Branch Services,"ATM not working, nearest ATM, branch location, ATM withdrawal, deposit cash",I need help with nearest ATM.
ATM & Branches,ATM & Branch Services,"branch location, ATM not working, deposit cash, ATM withdrawal, nearest ATM",I need help with nearest ATM.
Investment Services,Wealth Management,"mutual fund, stocks, recurring deposit, investment options, fixed deposit",I need help with investment options.
Investment Services,Wealth Management,"stocks, fixed deposit, investment options, recurring deposit, mutual fund",I need help with recurring deposit.
Investment Services,Wealth Management,"investment options, recurring deposit, fixed deposit, mutual fund, stocks",I need help with recurring deposit.
Investment Services,Wealth Management,"recurring deposit, mutual fund, fixed deposit, stocks, investment options",I need help with fixed deposit.
Investment Services,Wealth Management,"fixed deposit, recurring deposit, mutual fund, investment options, stocks",I need help with recurring deposit.
Investment Services,Wealth Management,"mutual fund, recurring deposit, stocks, fixed deposit, investment options",I need help with investment options.
Investment Services,Wealth Management,"stocks, fixed deposit, recurring deposit, mutual fund, investment options",I need help with fixed deposit.
Investment Services,Wealth Management,"stocks, recurring deposit, investment options, mutual fund, fixed deposit",I need help with recurring deposit.
Investment Services,Wealth Management,"recurring deposit, fixed deposit, stocks, investment options, mutual fund",I need help with recurring deposit.
Investment Services,Wealth Management,"fixed deposit, investment options, recurring deposit, mutual fund, stocks",I need help with recurring deposit.
Investment Services,Wealth Management,"fixed deposit, recurring deposit, investment options, mutual fund, stocks",I need help with recurring deposit.
Investment Services,Wealth Management,"stocks, recurring deposit, mutual fund, fixed deposit, investment options",I need help with recurring deposit.
Investment Services,Wealth Management,"recurring deposit, stocks, fixed deposit, mutual fund, investment options",I need help with recurring deposit.
Investment Services,Wealth Management,"recurring deposit, mutual fund, investment options, fixed deposit, stocks",I need help with recurring deposit.
Investment Services,Wealth Management,"fixed deposit, recurring deposit, investment options, mutual fund, stocks",I need help with stocks.
Investment Services,Wealth Management,"fixed deposit, mutual fund, stocks, recurring deposit, investment options",I need help with fixed deposit.
Investment Services,Wealth Management,"mutual fund, stocks, recurring deposit, fixed deposit, investment options",I need help with fixed deposit.
Investment Services,Wealth Management,"fixed deposit, mutual fund, stocks, recurring deposit, investment options",I need help with fixed deposit.
Investment Services,Wealth Management,"investment options, mutual fund, recurring deposit, fixed deposit, stocks",I need help with recurring deposit.
Investment Services,Wealth Management,"investment options, fixed deposit, recurring deposit, mutual fund, stocks",I need help with mutual fund.
Investment Services,Wealth Management,"stocks, investment options, fixed deposit, recurring deposit, mutual fund",I need help with mutual fund.
Investment Services,Wealth Management,"fixed deposit, recurring deposit, investment options, mutual fund, stocks",I need help with investment options.
Investment Services,Wealth Management,"mutual fund, investment options, fixed deposit, recurring deposit, stocks",I need help with fixed deposit.
Investment Services,Wealth Management,"stocks, investment options, mutual fund, fixed deposit, recurring deposit",I need help with fixed deposit.
Investment Services,Wealth Management,"stocks, recurring deposit, fixed deposit, investment options, mutual fund",I need help with recurring deposit.
Investment Services,Wealth Management,"recurring deposit, investment options, mutual fund, fixed deposit, stocks",I need help with fixed deposit.
Investment Services,Wealth Management,"mutual fund, investment options, fixed deposit, stocks, recurring deposit",I need help with stocks.
Investment Services,Wealth Management,"mutual fund, recurring deposit, stocks, investment options, fixed deposit",I need help with fixed deposit.
Investment Services,Wealth Management,"recurring deposit, stocks, mutual fund, fixed deposit, investment options",I need help with recurring deposit.
Investment Services,Wealth Management,"recurring deposit, fixed deposit, investment options, mutual fund, stocks",I need help with fixed deposit.
Investment Services,Wealth Management,"stocks, recurring deposit, mutual fund, investment options, fixed deposit",I need help with fixed deposit.
Investment Services,Wealth Management,"recurring deposit, investment options, fixed deposit, stocks, mutual fund",I need help with recurring deposit.
Investment Services,Wealth Management,"fixed deposit, investment options, recurring deposit, mutual fund, stocks",I need help with mutual fund.
Investment Services,Wealth Management,"mutual fund, investment options, recurring deposit, fixed deposit, stocks",I need help with stocks.
Investment Services,Wealth Management,"recurring deposit, fixed deposit, stocks, mutual fund, investment options",I need help with investment options.
Investment Services,Wealth Management,"recurring deposit, stocks, investment options, mutual fund, fixed deposit",I need help with recurring deposit.
Investment Services,Wealth Management,"fixed deposit, mutual fund, investment options, recurring deposit, stocks",I need help with mutual fund.
Investment Services,Wealth Management,"stocks, investment options, fixed deposit, recurring deposit, mutual fund",I need help with mutual fund.
Investment Services,Wealth Management,"fixed deposit, recurring deposit, mutual fund, stocks, investment options",I need help with mutual fund.
Investment Services,Wealth Management,"fixed deposit, investment options, mutual fund, stocks, recurring deposit",I need help with fixed deposit.
Investment Services,Wealth Management,"mutual fund, investment options, fixed deposit, stocks, recurring deposit",I need help with investment options.
Investment Services,Wealth Management,"fixed deposit, recurring deposit, stocks, investment options, mutual fund",I need help with investment options.
Investment Services,Wealth Management,"recurring deposit, mutual fund, stocks, investment options, fixed deposit",I need help with mutual fund.
Investment Services,Wealth Management,"mutual fund, stocks, fixed deposit, investment options, recurring deposit",I need help with fixed deposit.
Investment Services,Wealth Management,"investment options, mutual fund, stocks, recurring deposit, fixed deposit",I need help with fixed deposit.
Investment Services,Wealth Management,"stocks, investment options, fixed deposit, recurring deposit, mutual fund",I need help with recurring deposit.
Investment Services,Wealth Management,"stocks, investment options, recurring deposit, mutual fund, fixed deposit",I need help with fixed deposit.
Investment Services,Wealth Management,"stocks, fixed deposit, recurring deposit, mutual fund, investment options",I need help with mutual fund.
Investment Services,Wealth Management,"recurring deposit, mutual fund, investment options, fixed deposit, stocks",I need help with investment options.
Investment Services,Wealth Management,"investment options, mutual fund, stocks, recurring deposit, fixed deposit",I need help with stocks.
Insurance,Insurance Support,"insurance claim, life insurance, insurance policy, car insurance, health insurance",I need help with insurance claim.
Insurance,Insurance Support,"insurance claim, insurance policy, health insurance, car insurance, life insurance",I need help with life insurance.
Insurance,Insurance Support,"car insurance, life insurance, insurance claim, health insurance, insurance policy",I need help with car insurance.
Insurance,Insurance Support,"insurance claim, car insurance, health insurance, life insurance, insurance policy",I need help with car insurance.
Insurance,Insurance Support,"health insurance, insurance policy, life insurance, car insurance, insurance claim",I need help with car insurance.
Insurance,Insurance Support,"insurance claim, life insurance, insurance policy, health insurance, car insurance",I need help with insurance policy.
Insurance,Insurance Support,"car insurance, insurance claim, health insurance, life insurance, insurance policy",I need help with insurance claim.
Insurance,Insurance Support,"car insurance, insurance policy, health insurance, life insurance, insurance claim",I need help with car insurance.
Insurance,Insurance Support,"life insurance, car insurance, insurance claim, insurance policy, health insurance",I need help with life insurance.
Insurance,Insurance Support,"insurance claim, life insurance, insurance policy, health insurance, car insurance",I need help with insurance claim.
Insurance,Insurance Support,"health insurance, insurance policy, insurance claim, life insurance, car insurance",I need help with health insurance.
Insurance,Insurance Support,"life insurance, car insurance, health insurance, insurance claim, insurance policy",I need help with life insurance.
Insurance,Insurance Support,"insurance claim, car insurance, insurance policy, health insurance, life insurance",I need help with health insurance.
Insurance,Insurance Support,"life insurance, insurance policy, health insurance, insurance claim, car insurance",I need help with insurance policy.
Insurance,Insurance Support,"life insurance, insurance claim, car insurance, insurance policy, health insurance",I need help with insurance policy.
Insurance,Insurance Support,"car insurance, life insurance, insurance policy, health insurance, insurance claim",I need help with car insurance.
Insurance,Insurance Support,"health insurance, insurance policy, insurance claim, car insurance, life insurance",I need help with life insurance.
Insurance,Insurance Support,"insurance claim, car insurance, health insurance, insurance policy, life insurance",I need help with insurance policy.
Insurance,Insurance Support,"insurance claim, health insurance, insurance policy, car insurance, life insurance",I need help with life insurance.
Insurance,Insurance Support,"life insurance, car insurance, insurance policy, insurance claim, health insurance",I need help with insurance claim.
Insurance,Insurance Support,"insurance policy, car insurance, life insurance, health insurance, insurance claim",I need help with health insurance.
Insurance,Insurance Support,"insurance claim, life insurance, health insurance, insurance policy, car insurance",I need help with insurance policy.
Insurance,Insurance Support,"insurance policy, health insurance, life insurance, car insurance, insurance claim",I need help with insurance claim.
Insurance,Insurance Support,"insurance claim, life insurance, health insurance, car insurance, insurance policy",I need help with health insurance.
Insurance,Insurance Support,"car insurance, health insurance, life insurance, insurance claim, insurance policy",I need help with insurance policy.
Insurance,Insurance Support,"insurance claim, health insurance, car insurance, insurance policy, life insurance",I need help with health insurance.
Insurance,Insurance Support,"insurance policy, car insurance, health insurance, insurance claim, life insurance",I need help with insurance policy.
Insurance,Insurance Support,"health insurance, life insurance, car insurance, insurance policy, insurance claim",I need help with life insurance.
Insurance,Insurance Support,"car insurance, health insurance, life insurance, insurance policy, insurance claim",I need help with insurance policy.
Insurance,Insurance Support,"health insurance, car insurance, insurance claim, life insurance, insurance policy",I need help with health insurance.
Insurance,Insurance Support,"insurance policy, insurance claim, life insurance, health insurance, car insurance",I need help with health insurance.
Insurance,Insurance Support,"insurance policy, life insurance, car insurance, health insurance, insurance claim",I need help with life insurance.
Insurance,Insurance Support,"insurance claim, insurance policy, car insurance, health insurance, life insurance",I need help with life insurance.
Insurance,Insurance Support,"insurance policy, health insurance, life insurance, insurance claim, car insurance",I need help with insurance claim.
Insurance,Insurance Support,"car insurance, insurance policy, life insurance, health insurance, insurance claim",I need help with insurance claim.
Insurance,Insurance Support,"insurance claim, car insurance, health insurance, insurance policy, life insurance",I need help with car insurance.
Insurance,Insurance Support,"health insurance, life insurance, car insurance, insurance policy, insurance claim",I need help with life insurance.
Insurance,Insurance Support,"life insurance, insurance claim, car insurance, health insurance, insurance policy",I need help with insurance claim.
Insurance,Insurance Support,"life insurance, insurance claim, car insurance, insurance policy, health insurance",I need help with insurance claim.
Insurance,Insurance Support,"car insurance, life insurance, insurance claim, insurance policy, health insurance",I need help with insurance claim.
Insurance,Insurance Support,"car insurance, insurance claim, health insurance, insurance policy, life insurance",I need help with car insurance.
Insurance,Insurance Support,"insurance claim, life insurance, insurance policy, car insurance, health insurance",I need help with life insurance.
Insurance,Insurance Support,"health insurance, insurance claim, insurance policy, life insurance, car insurance",I need help with insurance claim.
Insurance,Insurance Support,"life insurance, insurance claim, health insurance, car insurance, insurance policy",I need help with health insurance.
Insurance,Insurance Support,"car insurance, insurance claim, health insurance, life insurance, insurance policy",I need help with health insurance.
Insurance,Insurance Support,"car insurance, insurance policy, health insurance, insurance claim, life insurance",I need help with insurance claim.
Insurance,Insurance Support,"health insurance, insurance policy, insurance claim, life insurance, car insurance",I need help with health insurance.
Insurance,Insurance Support,"insurance claim, car insurance, insurance policy, health insurance, life insurance",I need help with life insurance.
Insurance,Insurance Support,"insurance claim, life insurance, insurance policy, car insurance, health insurance",I need help with car insurance.
Insurance,Insurance Support,"car insurance, health insurance, life insurance, insurance policy, insurance claim",I need help with car insurance.
